start	end	text
0	1680	キイチャキイチャ
7040	9700	はいそれでは始めていきたいと思います
9700	12580	村中直人さんに来ていただきました
13180	14140	はいありがとうございます
14140	15280	よろしくお願いします
17040	19180	じゃあ簡単に自己紹介とか
19180	22120	どういうことをやってきている方なのかっていうのを
22120	22860	いいでしょうか
23540	24500	はいありがとうございます
24500	27840	私村中直人と申しまして
28760	31200	ご紹介で一番わかりやすいのが資格ですね
31200	34100	臨床心理師と公認心理師を持ってまして
34520	39360	いわゆる心理師という職業になるのかなと思います
41080	43380	ですがやってることとしては
43380	47140	皆さんこの音声聞いていただいてる皆さんに
47140	49180	一番伝わりやすいのは
49180	52760	いろんなキーワードで発信活動をしていて
53160	55580	一つ大きいのはニューロダイバーシティ
56000	58060	脳の多様性ということをベースに
58560	61560	この社会についての考え方とか
61560	63700	対人関係とか支援とかっていうところの
63700	66060	発信活動をしています
67600	68940	もう一つはですね
70280	72120	シカル依存が止まらないという本を
72120	74680	2022年に出版をしまして
74680	77180	それが著者の予想をはるか超えて
77180	80280	いろんな方に読んでいただいたという経緯がありまして
81200	82780	なのでシカル依存というキーワードで
82780	85980	呼んでいただいていろいろ発信することも多いです
87820	89800	仕事は一体何やってるのかと思われると思うので
89800	92700	仕事は発達障害サポーターズスクールという
93520	94660	オンラインスクールですね
94660	97140	発達障害の支援者要請のオンラインスクールの
97880	99020	経営をしたりとか
99500	101940	あとは研修をしたりとか
101940	103360	職員研修をしたりとか
103920	107080	そういう仕事をしてたりとか
107440	109500	あとはニューロダイバーシティアットワークという
109500	113180	会社を2年も3年経つかな
113740	114720	前に立ち上げまして
114720	116780	そっちは企業さんとの
116780	119240	ネイルダイバーシティの推進のお仕事を
119240	120640	コンサルティングしたりとか
120980	122340	講演研修したりとか
122340	123860	っていうふうなことをしてたりとか
125300	126820	喋っていながら自分が何やってるし
126820	128460	何しながら全然わからんことになってきますけど
128460	129600	なんかいろいろやりながら
129600	131420	過ごしているという
131420	133140	そんなちょっと雑多な人間でございます
134720	135000	ありがとうございます
135280	136140	ティーチャーティーチャーでも
136500	138120	しかる依存が止まらないのを
138120	139760	話をさせていただいて
139760	140300	一度
142780	144160	すごい反響があって
144940	146040	それで結構
146040	147840	刺さったリスナーさんがいらっしゃって
148920	149840	その方が
149840	151660	インタビュアーもしていて
153040	154260	その方が村中さんに
154260	155280	インタビューをして今回
155280	156680	ご縁があったっていう
157400	158460	そういうことか
158460	158800	そうですね
160820	162460	取材のご依頼を
162460	163860	いただいてその時に
163860	166660	このティーチャーティーターさんのことを紹介していただいて
166660	168820	今回つないでいただいたというそういう動員ですね
169520	173440	前回の配信でニューロダイバーシティの話は
173860	175580	ある程度多分知っている状態で
175580	178500	ニューロユニバーサリティからニューロダイバーシティに
178500	180140	変わっていくんだっていう話とか
181000	184540	学び方は多様だよねって話をしているような状態です
185660	185940	なるほど
186420	189220	ちょっとさらにいろいろ理解を深めたいことがありまして
189220	190580	お呼びさせてもらいました
191300	192160	そうなんですよ
193080	195460	ラーニングダイバーシティの夜明けっていう本を
196080	197380	拝読いたしまして
198060	202640	そこでどんだけ学び方に
202640	204740	多様性を持たせることが大事かっていうのを
205440	207420	すごく僕の中でも痛感して
208040	211760	振り返ったら自分は学び方相当自由にしてこれたな
211760	213020	っていう過去があったりとか
213580	217560	または教員時代にその学び方が合わなくて
217560	219660	自信を失っている子たちたくさんいたなとか
219660	221240	っていうことがすごい想起されて
222040	223400	今日聞きたいのは
224760	227100	学び方ってどう学ぶんだっていう
228740	231160	どう身につけていくのって話を聞きたいのと
231700	233320	もう1個僕印象的だったのが
233320	236220	村中さんのお子さんの
236220	239400	学び方を身につけていく様子とか
240160	242180	学校に行っていないっていう
243000	246500	時の様子とかもこの本の中にあって
247120	250180	そこで困ってる保護者もたくさんいるので
250180	253820	その過程での様子とかもお伺いできればなというふうに
253820	255380	2つ思っているんですよね
256080	258800	その中で僕が勝手に前回
259120	261140	ラーニングダイバーシティの大事さみたいなことを
261140	261880	喋ったんですけど
262240	263700	改めて村中さんがなぜ
264680	266700	学校現場にこのラーニングダイバーシティが
266700	267980	必要なのかとか
268920	270680	ニューロダイバーシティ的な視点が必要なのか
270680	272960	みたいなのをお話し
272960	275880	まずお伺いできれば嬉しいなって思っています
276260	276540	ありがとうございます
277680	277960	そうですね
277960	291680	そうですね、なんかちょっと時系列に沿って順番にお話しすると、私が教育っていうものに携わるようになったのは、一番最初臨床心理師になりたっていうのは20年前ぐらいなんですけども、
291680	300760	スクールカウンセラーとか教育センターの教育相談員とかっていう仕事を非常勤で始めたんですね
300760	306780	そこが私の教育との関わりの出発点なんですけども
307320	315120	当時がちょうど発達障害っていう言葉が世の中に広まり始めたちょうど時期ですね
315120	318620	2005年に発達障害者支援法っていうのができて
318620	322240	2007年に特別支援教育が始まってるんですけど
322240	325860	特別支援教育って来年で丸20年になるんですね
325860	328660	その一番初期の時に私は心理師になって
329260	330840	何が起きたかっていうと
330840	335180	当時通常学級の中には障害者はいないっていうのが
335180	339980	基本的にインクルーシブ教育をしない限りはいないっていうのが
339980	341440	定義だったところから
342400	344340	法律が変わって概念が変わって
344340	346860	実は通常教育の中にも
347260	349240	障害児が実はいるんだよと
349240	351620	発達障害の子どもたちがいるんだよっていう風に
352060	356740	社会の認識が上塗りされたというか
356740	359020	そういう時期だったので
359020	361960	結構現場大混乱だったんですよね当時って
362840	364820	学校の教員の先生もそうだし
364820	366920	我々みたいなカウンセリング業務するところにも
367960	372300	それまでだったらいわゆる障害児の相談室と
372300	374160	健常児の相談室みたいなのは
374160	375700	結構きれいに分かれてたところから
375700	378440	その垣根がどんどん崩れていくみたいな
378440	384100	そういう時代の中でいろんな子どもたちを見てまして
387160	388640	何を思ったかっていうと
388640	391900	これもちょっと相談室の中でできることには限界あるわと思って
391900	393580	かかるし頃の私がですね
395820	398380	まだ20年経たないかな17年前に
398760	403460	臨床心理の仲間たちと学習支援の授業を始めたんです
403460	404180	勢いで
406000	410300	それは今関西でもアスハナ先生っていう名前の授業として
410300	414500	私の後輩心理師が授業責任者を引き継いでずっとやってますけども
414500	416640	それの立ち上げをやり始めて
417160	423320	そこでいろんな子どもさんとか保護者の方とかに出会うことになったんですね
423320	427360	その学習支援という形でいわゆる塾家庭教師ですね
427360	431780	っていう形で始めてその枠で子どもたちと関わってきたので
431780	435880	学ぶっていうこととずっと向き合いながら
435880	437400	子どもたちと関わってたんですよ
439300	443620	だからなんかちょっと聞いとったのと違うって感じがありまして
444360	449620	というのは例えば学習障害とされるお子さんっていうのは
449620	451620	教科書的には文字通り
451620	454820	学習するというスキルにおいてのみ
454820	457800	特異的な機能障害があって
457800	459520	学ぶことができないんだと
459520	461400	読み書き計算ができないんだ
461400	464600	みたいなのが教科書的な学習障害の定義なんですけども
465540	467120	まあ出会わないんですよ
468260	469880	きれいにそれだけに
472700	474420	全くいないって言ったら弊害があるんで
474420	475940	そうはもちろん言いませんけども
476800	480820	私たちは公教育からほぼれ落ちてしまうタイプの
481520	484800	勉強で困っているとか学習の面で困っている子どもたちばっかりが
484800	488640	集まってくる学習支援の教室なんだけども
489260	492000	機能としてスキルとして
492560	495260	何をどうしたところで学べない子なんて
495260	496560	ほぼ出会わないんですよね
498820	501020	これはなんだって思ってたんですけど
501900	506320	つまり要は学び方が合ってなかっただけだね
506320	508860	って結論になる子がめちゃくちゃ多いんですよね
511740	515280	だし自分なりの学び方を見出していくと
515840	517040	まず一番大事なのは
517040	518920	学ぶってことが大嫌いだったところから
518920	521100	もう嫌で嫌で仕方がなった子たちが
521100	524180	ちょっとずつ意識が変わっていくっていうことが起きてきて
524580	526640	そうするともちろん学力って意味では
527100	528580	すごく伸びる子もいれば
528580	530560	なかなか苦戦し続ける子もいますけど
530560	532520	少なくとも学ぶってことが
532520	534220	苦痛で苦痛で仕方がないとか
534220	535960	嫌で嫌で仕方がないみたいな子は
536600	539400	すごく少なくなっていくわけなんですよ
540300	541840	こういうところから
542540	546680	あれって何が聞いてたのと違うみたいな話だと
548060	552400	あとはいわゆる発達障害と呼ばれている子どもたち
552400	555500	特に私の場合は自閉スペクトラム
555500	556980	昔でいうところのアスペルガーとか
557660	559860	高機能自閉症といった子たちですね
560380	564900	今は自閉スペクトラム症という風な診断名になりますけども
564900	568160	私は自閉傾向のある子どもがめっちゃ大好きで
568160	570320	可愛くて仕方がないタイプなんですけど
572280	573800	そんな人間がやってるからか
573800	575260	生徒さんも多いんですよ
575260	577420	自衛傾向のある方が多かったんですよね当時ね
578380	581200	これもねやっぱり関われば関わるほど
582040	583880	聞いてたのと違うというか
584660	588160	自衛省って精神学的な定義で言うと
588160	590800	コミュニケーション能力が根本的に欠如して
590800	594440	人と長期にわたる対人関係を維持することができなくて
594440	596460	他人に対して共感する能力がなくてみたいな
596460	598040	散々なことが書いてあるわけなんですけど
598040	599880	精神学上の診断基準
599880	603300	だけどなんか違うんですね
603300	606620	その言葉で見ると全然ピンと来ないと
609620	612240	なのでこれは何なんだと
612240	614780	私が仲良くなればなるほどというか
614780	617540	関わりに最初めちゃくちゃ苦労したんですけど
617540	619120	なんとなく見えてくると
619600	622400	これは違う文化が違うんやって思うようになったんですね
622920	625740	異文化コミュニケーション上で起こるコミュニケーションのエラー
625740	626740	トラブルと一緒やと
629240	631220	だから異文化同士が出会った時って
631220	633640	お互いが異文化者だって認識しないと
633640	635940	なんでこんなこと言うんやみたいな感じの
635940	639220	あったりしますよね海外の人とだとね
640480	643780	そういうことが日々起きているだけなんだ
643780	646960	っていう認識になったんですよ
648280	651820	要はこの話と実際に出会って触れれば触れるほど
651820	653720	聞いてたんと違うぞと
653720	658040	実体で感じる実感と教科書的な定義には
658040	659480	すごくズレがあるぞっていう
660520	664520	そういう感覚を持ちながら日々過ごしていて
665120	668980	そこでニューロダイバーシティっていう概念に出会ったんですね
669520	670420	その親も
670420	673380	そっちが好きだったんですね
673740	675240	違和感を感じたのが
675640	677080	そうです違和感とか
677080	679340	私なりにこういうことだろうみたいな
679340	682160	学ぶ能力が低い子なんて
683280	687080	それが少なくとも障害を負ってる子なんてあんまではなくて
689240	692420	大体において学び方の問題だったと
693400	695400	自閉症のコミュニケーションの問題も
696860	699200	いやいやこの子自身の能力が低いみたいな
699200	700980	っていう見方はちょっと合わないだろうとかっていう
700980	704260	違和感とか自分なりの整理みたいなのは先あって
704800	707480	その後にユーロダイバーシティって言葉と出会った時に
708960	711520	その時の感情体験をすごく覚えてるんですけど
711520	713500	めちゃくちゃホッとしたというか
714220	717280	もう名前ついてるやんっていう感覚だったんですね
717280	719800	自分の思ってたことには
720260	721820	すでに名前あるやん
722440	726220	しかもそれは私がもう今可愛くて仕方がない
726220	730480	J.H.スペクトラムの子供たちの10年後20年後の姿
730480	737240	大人たちが作った言葉だっていう歴史的背景なんかも知ったら
739480	741620	これはちょっとって思って
741620	744760	そこからですねこの沼にハマっていったのが
746840	749360	自分の中で安心したっていう段階から
750040	753480	世の中に発信しようみたいなきっかけとかあったんですか
753480	755300	そこに切り替わったきっかけっていうのは
756180	758000	やっぱりそれはSNSですね
759580	762200	もともとそんな今みたいに
762200	765560	いろんな発信の場を与えてもらえるような立場になれるなんて
765560	766900	思ってなかったので
767380	770900	SNSで細々とそれこそビビりながら
770900	773320	いろいろ発信を始めていったら
773940	777900	やっぱり反応があったんですよ
777900	780840	それなりにあったんですよね
781920	784800	それでブログをちょっと始めたりとか
784800	786400	その前に一回ノートしたかな
786400	788600	ノートちょっとだけしてやめて
788600	790660	ブログに切り替えてとかっていう感じで
790660	794040	ちょこちょこちょこちょこと発信をしていって
795420	801220	そしたらある程度のいろんな反響みたいなものが生まれてきて
801220	803340	その当時で言ったらちっちゃな反響ですけども
804660	810720	そこからそれこそ先ほどお話しした2020年に出版したニューロダイバーシーの教科書
810720	812480	私の一番最初の本なんですけども
812480	815600	それを出版する話になったっていうところからも
815600	819280	本当に発信側に変わっていったっていう感じですね
823080	824560	村中さんから見て
825100	826100	教育現場に
826760	828680	ラーニングダイバーシティの視点が
829200	831340	重要だと思うのはどうしてなんですかね
833220	833580	そうですね
833580	835660	もうちょっと正確にお話をすると
835660	837440	私が見てた子どもたちっていうのは
837440	839600	学習状態の診断ついてる子
839600	841000	ついてないグレーの子
841000	842240	ついてないけども
843020	843840	苦手な子
844360	846060	正直まだってたんですけど
846060	848260	正直そのラベリング
848260	849720	診断がついてるついてない
849720	852340	グレーないとかっていう
852340	854840	ラベリングってあんま関係なかったんですよね
854840	855960	正直に
856800	857740	それよりかは
857740	859620	この子がどういうところで
859620	860720	うまくいってないかとか
862120	863740	どういうことに
863740	864600	なんだろうな
866540	868300	つまずいてるというよりかはね
868300	870100	こだわっちゃってることも多くて
870940	872520	支援をしている中で
873060	874080	すごい困るのが
875620	875980	例えば
875980	877640	学習支援の現場で
877640	879500	こういうやり方もあるよとか
879500	881520	こういう風にしてみていいんじゃないみたいな話を
881520	882420	子供にした時に
883220	885120	傷ついちゃってる子ってめちゃくちゃ
885120	886400	ディフェンシブルになってるから
886900	889660	学校で教わった習い方じゃないから嫌だとか
890360	890680	なんか
891700	894040	わかります?学校で習ってないやり方を
894040	895480	することに対してめちゃくちゃ
895480	896860	抵抗があるとか
897560	899740	今ってだから学校でもう習ってない漢字
899740	900980	書かせないとかあるじゃないですか
900980	902360	自分の名前ですだって
902360	904900	習ってないからひらがなで書きなさいとかって
904900	907080	あれ本当に偏愛が強くて
909280	911540	それでやるとですね
911540	913180	我々めっちゃ困っちゃうわけです
913180	915440	どう考えてもこの子はこっちの方が合ってるし
915440	917700	実際やってみたらうまくいくんだけども
917700	920380	心的なハードルが高くてできない
920380	923760	それを選択できないみたいな事例に出会うと
923760	927140	これもうちょっとなんとかならんのかいねっていう風な
927640	930940	そういう気持ちにはありましたよね
932160	934720	ただね今こう私偉そうに
934720	937520	もちろんこの本も書きましたし
937520	939340	公教育に対していろいろ提言も
939760	941220	今はしている立場ですけど
941560	944980	先ほどお話したように最初怖くて怖くて仕方がなかったし
945520	949460	正直公教育を変えていくみたいなことのイメージは
949460	951160	ずっと結構持ててたかった
951160	954200	これはニューラルダマスティック概念を知って学んで
954200	956340	実感として学習心を持ってたとしても
956340	960100	どちらかというとオルタナティブに教育現場を作っていく
960940	962440	にしか発想がなかった
962860	964800	公教育変えるなんてできないし
965360	968260	もっと言えばたくさんの子を学ぶときに
969720	970580	どうしてかわからなかった
970580	974200	私たちの学習支援って基本的に1対1とか1対2みたいな
974540	977940	少人数の対応だからできてることもたくさんあったわけなので
978660	981980	この意味では公教育にそれを持っていけるのかみたいなことに関しても
981980	986180	正直私はもう怖くて怖くて仕方がなかったし
986720	988600	イメージが持っててなかったんですけど
988600	992960	それをひっくり返したのがやっぱり工藤先生ですよ
994200	996720	優先生の発信が始まって
998280	1001280	その後にトマノイトク先生もそうだし
1003120	1006540	ああいう改革者の人たちの発信が出てきて
1007120	1010800	なんとなくこういうことかみたいなこととか
1012200	1016500	確かに公教育でたくさんの子どもたちがいる場でも
1016500	1032480	でも、子にあった学びってことは確かに実現可能だよなとか、そんなことを思い始めたのがおそらく工藤先生が私の中ですごく衝撃的だったのがあって、これ言ってもいいことなんだみたいな感じになって。
1034520	1036860	ちょうどたまたまその時に
1037460	1040120	育ちの科学っていう半年に1回出る
1040860	1044720	学術系の雑誌があるんですけども
1045920	1047280	日本フェオローシャンさんが出してる
1047280	1050360	そこで伝説を持たせていただくことになって
1051460	1056760	半年に1回8000字程度の原稿を書くテーマに
1056760	1058860	ラーニングダイバーシティを選んだんです
1059420	1060780	私はそこから
1061440	1063580	それこそ福田さんが先ほど言っていただいた
1063580	1064760	ラーニングダイバーシティブ系っていうのは
1064760	1066800	その5年間の連載
1066800	1070660	結局全10回5年間連載をするわけなんですけども
1070660	1072900	それを可筆修正して本にしたので
1073480	1076180	要は私の中で5年間ずっと
1076180	1078420	私も学びながら
1079020	1081080	試行錯誤を考えながら
1081080	1083380	考えてきたことを一冊の本にしたっていう
1083380	1084720	そういう感じですね
1085760	1086760	さっきあった
1086760	1090220	学び方をどう身につけていくかっていうところで
1091080	1092200	学校教育で
1092200	1094760	対集団に対してどうするかとか置いといて
1095460	1098020	村中さんが一人一人子供を見てきた中で
1099000	1100240	この子にあった学びを
1101240	1102520	どう見つけていくかみたいな
1102940	1106320	っていうのはどういう風なプロセスでやっていったんですか
1108620	1110540	これ私だから教育関係で
1110540	1113300	ランニングダイバーシティに関する講演とか研修とか
1113300	1114420	させていただいた時に
1114420	1117320	結構品質するご質問なんですよ
1117320	1118600	今の福田さんのご質問で
1119640	1123300	私の学び方の対応なのは分かったと
1123300	1125580	どうやって見つけていって教えてあげればいいんですか
1125580	1127260	みたいな質問ってよく出るんですけど
1127260	1130320	そこには私も答えをいつも一言で決めてて
1131160	1132540	邪魔すんなって答えてます
1134860	1139640	そもそも教員が子どもたちの学び方を見つけてあげて
1139640	1142220	そのあった学び方を指導してなくちゃいけない
1142220	1144480	っていうこと自体があんまりランニングダイバーシティじゃないんですよね
1144480	1145180	発想として
1150600	1152080	そこまで言わなかったら
1152080	1154860	もちろん大人が手助けができる部分はあるにしても
1155420	1158900	まずはやっぱり本人の試行錯誤がベースなんですよ
1158900	1160640	それ以上のものはないんです
1162380	1164800	もうちょっと言うと子どもたちって
1165320	1167840	その学び方の多様性っていろんなところからきますけども
1167840	1169740	一番ベースになるのは認知の多様性ですね
1169740	1173140	その人の情報処理システムの特徴みたいなものが
1173520	1176900	その人に合った学び方と直結するってことを考えると
1176900	1180460	実はその人が何かをやろうと思った時に
1180460	1182040	自然に出てくるやり方が
1182040	1185060	実はその人にとって一番合うやり方である可能性は高いんですよね
1185700	1186340	へー
1188060	1189800	だからそう考えると
1190800	1194320	問題というかチャレンジする課題が先にあって
1194320	1196220	みんながそれぞれに思う
1196220	1198660	それぞれが自由に自然に出てくるやり方で
1198660	1199920	まずはやろうとしてみると
1201140	1203940	それで多分ポコってできちゃう子もいるんですよ
1204560	1206600	もちろんできない子に関しては
1207600	1210940	いろんな手立てでサポートしていくとか
1212820	1215300	そういうことは必要なんだと思うんですけど
1215300	1218920	どっちかっていうとそっちに労力を格索できてあって
1220020	1224020	今ってやり方をまず全部教えてからやらせる
1224020	1227620	みたいな感じの部分が強すぎるというか
1229300	1230680	そんな風に思ってますね
1231680	1231960	なるほど
1233260	1233540	例えば
1235020	1235560	そっか
1237540	1238100	僕ら
1238100	1239920	学校現場で言われてたのが
1241080	1242160	クールに行って
1243320	1244060	子供たちが
1244820	1246360	泳ぎ方を学ぼうとすると
1246660	1246940	すごい
1247920	1250140	例えばこの25メートル達成しようとか
1250140	1252020	クロールしようとか広い泳ぎしようとかって
1252020	1254080	ある程度の枠組みがあって一個一個クリアしていく
1254080	1255280	みたいなイメージあると思うんですけど
1256000	1262260	それが海に出て自由に泳いでいいよって言われると怖いみたいな
1262260	1265000	要は自由すぎるの怖いみたいなのってよく言われて
1265000	1267240	僕もそれ実感している部分があって
1268160	1272080	教員が教えない邪魔しないみたいなのって
1274760	1277260	あんまりイメージは湧かなくてやっぱり
1278240	1279140	分かります
1279140	1281080	今言った話っていうのは
1282260	1284720	出発点の起点のスタート地点が
1284720	1285560	2つあって
1285560	1288000	1つは全くゼロベースから
1288000	1290900	学び方をチャレンジしていく状況と
1291480	1292360	もう1つは
1292360	1295500	学び方が固定化される環境に
1295500	1297160	馴染んでしまった人が
1297680	1298480	そこから
1299360	1300640	自分なりの習い方を
1300640	1302040	見つけていく状況とで
1302040	1304200	やっぱりだいぶ違うんですよね
1305260	1305660	なるほど
1306660	1308660	福田さんがおっしゃってるのって
1308660	1309880	どちらかというと
1309880	1313280	一度肩にはめられて学ぶっていうことに
1313900	1316140	なじみきった子どもたちが
1316760	1318280	じゃあここから先は
1318280	1320920	あなた自由に学んでいいよって言われて
1320920	1322900	どうしていいか分かんないみたいなことが
1322900	1324300	やっぱりちょっとイメージできて
1324300	1325760	それはもう本当にあると思います
1327540	1329000	前提が違えば
1330020	1333000	自由でも自分で学んでいけるっていう
1333000	1333540	なるほど
1335240	1338740	最初からこれやってみとか
1338740	1340120	とかこれできるようになったらいいよね
1340120	1341260	この問題解いてみとか
1341680	1344540	これできるようになってみっていうことの
1344540	1346680	やり方は自由である
1346680	1348240	というかそもそも
1348240	1350460	やり方を指定されるっていうことを
1350460	1351880	経験したことがない子は
1351880	1353600	それにもちろん違和感感じないですね
1355920	1357220	感じようがないですもんね
1357220	1358660	だって考えてみてください
1358660	1359340	だってそれって
1360520	1362180	密集学児の子供って
1362180	1364420	みんな自由に遊ばされて
1365980	1367420	どこかの大人が
1367420	1368600	よしみんなあの上の
1368600	1371460	あのちょっと岩の上登ってみようって
1371460	1372820	競争なーとかって言って
1372820	1374760	乗れる方分かんないって言わないでしょ
1374760	1377220	登れないって言われる
1377220	1377380	なるほど
1379340	1380900	ちょっと理解できてきました
1380900	1381420	なんか
1381420	1385340	型を得て
1385940	1387920	何かに取り組むっていうのが
1387920	1389580	身についてるから型がないと
1389580	1391400	これどうしたらいいのってなっちゃうけど
1392140	1394100	そもそも型を学んで
1394500	1396180	何か型を使って取り組む
1396180	1398220	みたいなことをそもそもしない場合別に
1399320	1401060	どうしたらいいのって思わないっていうのは
1401060	1401940	そうなのって
1402840	1404420	今の話でいうと例えば
1405220	1409280	これって先ほどの岩登りみたいなイメージしていただくと
1409280	1413580	岩登りするときに岩に目印をつけて
1413580	1415040	ここに足をかけて
1415040	1417980	足と手の目印をかけてやり方を決めて
1418680	1421420	まずあなたたち危ないからこれ通りにやりなさい
1421420	1423280	っていうのを2,3個練習させて
1425040	1427160	その状態に馴染んだ子たちに
1427160	1430300	今度マーキングしてない岩をポンって出して
1430720	1432780	登りなさいって言ったらみんなザワザワ
1433680	1436260	先生どこに手をかければいいんですかって言いますけど
1437060	1438580	それはあくまで最初に
1439020	1441720	手のかけ方足のかける場所を指定するっていう
1441720	1445500	このカルチャーに馴染ませるステップがあったから
1446100	1447320	そうなるだけですよね
1449060	1450400	教育も一緒だと思っています
1451200	1452920	じゃあそれはもう子どもたちが
1454040	1456700	そういうステップを教えられなくても
1457140	1459880	自分たちから学ぶという前提
1459880	1464360	学びのモチベーションとか持っている前提みたいな感じなんですかね
1464780	1467800	ここは今どちらかというと学び方の話なので
1467800	1471240	モチベーションの話は別の話だと思うんですよね
1471780	1476820	だって岩の頂上に登りたいという気持ちがあるかどうかって話は別として
1476820	1479940	岩の頂上を登るときのやり方をどうしますか
1479940	1482820	大人がやり方手や足取り教えて
1482820	1485400	一から学んでいきましょう
1485400	1487460	好きに登っていいから
1487460	1488760	誰が一番上に行けるか
1488760	1490080	用意とんねっていうのと
1490820	1492600	モチベーションの話とはちょっと違うじゃないですか
1492600	1493720	そうですね確かに
1493720	1496540	学び方に限定した時に
1497080	1497440	例えば
1498880	1501000	農業の方法と
1501000	1502360	歴史学んだ時に
1502360	1505120	僕の歴史の知識ベースなんですけど
1505940	1507260	農業の方法って
1507740	1510420	知識伝達で伝わったじゃないですか
1511600	1514780	技術とか文化って教えてもらって
1515240	1518340	それを習って真似してきたみたいな
1518780	1520620	背景でずっと歴史上あると思ってて
1520620	1522260	科学技術もそうだと思ってて
1523620	1526820	ジャングルの中に科学育たないみたいな言葉あるけど
1526820	1529960	自由の中に科学は育たない
1529960	1533120	だから教えてもらって真似してきたみたいな
1533120	1535840	それが結構教育の方法論として
1536960	1538700	受け継がれてきてる気もしてて
1540360	1542040	この高度な文化の中で
1543780	1545100	教えないみたいなのって
1545800	1547620	やっていけるもんなんですかね
1549340	1551180	先ほどの話に戻るんですけど
1551860	1554200	教えないっていうのともとは違うんですよね
1554200	1557160	順番を変えましょうっていう話なんですよね
1557900	1560380	教えてからやらそうとするじゃないですか
1560860	1562220	今の教育って全て
1562220	1564520	しかもその教え方を
1565020	1566540	もうガッチガチに
1566540	1568160	9年間カリクラム組んで
1568160	1569900	順番に決めて
1570620	1572260	やり方が全部決まっている
1572260	1573400	さっきの話で言ったら
1573400	1576460	岩登りのレベル1からレベル100までが
1576460	1578340	全部登り方から何から
1578340	1579560	マーキング全部されて
1579560	1582940	どこに手を足をつけるみたいな感じのことを
1582940	1584640	全部こう準備して
1585200	1587400	それが教育だっていう風になるじゃないですか
1588360	1589000	だけど
1590460	1592260	人間の脳の特徴で言うと
1592260	1594080	もしの効率的な学びは逆で
1594080	1596720	まずチャレンジする状況があって
1597520	1598100	例えばその
1598480	1599620	岩登りだとしたら
1599620	1601680	この高さ目指そうぜみんな
1601680	1604840	めっちゃスルスルって行く子もいれば
1604840	1606440	全然うまくいかない子もいたときに
1606440	1608800	ここで初めて教えるっていうターンが
1608800	1609380	発生するわけです
1611640	1613160	あなたミスしてんの
1613160	1615080	どう考えても足の運び
1615080	1616180	全然考えてへんよね
1616180	1618820	足次どこ運ぶかを考えてみ
1618820	1620820	ここまでいけるけど次一旦ここ
1620820	1623220	足運んでみたらいいんちゃうみたいな
1623840	1624160	なるほど
1625240	1626680	どこでもするっていう
1626680	1628480	ことが出てきます
1628480	1630840	体感としてすごい
1630840	1632120	わかることがあって
1632860	1634620	僕家具の説明書とか
1634620	1637240	読めないんですよプラモデルの説明書とか
1638040	1638980	説明書を全部
1638980	1640600	読んでから作るができなくて
1641180	1643160	家具を組み立てながら疑問が
1643160	1645280	出たら初めて説明書読んだら理解できる
1645280	1646840	みたいなことがあって
1647360	1649360	その感覚と近いのかなって
1649360	1650400	今思いました
1650400	1654280	すごく狭い視点なんですけど
1654280	1656660	例えば受験とかって結構
1657500	1660440	まさにやり方を統一して
1660440	1662520	教える塾とかいっぱいあるじゃないですか
1663400	1664600	村中さんから見て
1665160	1668660	受験とかを乗り切るっていう視点でも
1669260	1672280	子どもたちが自由に学んだ方が
1672800	1674020	そっちの方が
1674900	1677300	力つくものだと思いますか
1678280	1678640	なるほど
1681180	1682940	受験に関しては
1682940	1685980	間に合うかどうかっていう感じですね
1688380	1690300	これはもうちょっと言葉を言うと
1690740	1693680	どの時間軸で子どもの学びを見るかっていうことが
1693680	1694160	まず大事
1696120	1699240	今私がやってる学びの体制を尊重しましょう
1699240	1701580	子どもたち一人一人になったものを選択できる
1701580	1703580	余地を残しましょうっていう話っていうのは
1705240	1707020	究極的な果実としては
1707020	1708740	自分で学べる人
1708740	1711120	大人になっていくってことだと思ってるんですよ
1711800	1712780	私たちは
1712780	1714760	自立した学習者っていう言葉を
1714760	1715220	使って
1717100	1718880	本当に学びの大切音頂とか
1718880	1720640	自立学習者って私たち20年前から
1720640	1721620	ずっと使ってるんですけど
1723360	1724720	20年からず使ってるんですけど
1724720	1726080	ようやく時代が追いついてきまして
1726080	1726500	そうですね
1729320	1730760	自立した学習者
1730760	1732660	っていう言葉を私たちは使っていて
1733300	1737800	これ例えばそれこそ今の福田さんや秋山さんはですね
1738160	1741620	すごく真摯に私もそうですけど学んでおられるじゃないですか
1742000	1746560	大人になってからでもどういうことが本当にいいんだろうかとか
1746560	1751080	私にもうちょっと変わっていける余地は何かないのかとかっていう風な
1751760	1754300	学ぶスタンスじゃないですかね
1755160	1755820	なんですけど
1756660	1759260	これってやっぱり決められたことを決められたように
1759260	1761540	こなしていくっていうことだけやってると
1761540	1763840	大体途中で途切れちゃうんですよね
1766000	1766640	確かに
1767460	1769480	与えられたハードルを超えた時点で
1769480	1770540	追いつきちゃうというか
1772660	1773780	だからそれで言うと
1774240	1776860	日本の今ちょっと元気ないですけど
1776860	1779400	日本という国は結構な要因の中に
1779400	1781740	学んでる大人が少ないっていうのはあると思っていて
1784560	1786160	って考えた時に
1787600	1788600	その多様性
1789820	1790740	私の言葉で言うと
1790740	1793060	ラーニングダイバーシティみたいなことを尊重していくことの
1793060	1795420	人生の果実はどこにあるんだって言われたら
1795420	1795760	私は
1796660	1798320	事実して学習者であること
1800000	1801060	しかもそれが
1801060	1803460	すごく自分に合った学び方で
1804440	1805360	精錬された
1805360	1806460	その人に合った
1807520	1809300	すごくいい学び方で
1809300	1810520	学び続けている大人
1811700	1813980	になっていくことが
1813980	1816800	一つの果実であるとしたときに
1817240	1818620	受験っていうのは
1819440	1819980	わかります
1819980	1822160	間に合うか間に合わないかっていうぐらいが
1822160	1823540	すごく難しいところで
1824700	1825380	私は
1826700	1828460	正直受験に関しても
1828460	1830420	早いタイミングで始めた子は
1831560	1833380	自立した学習者として
1833380	1835420	受験に向かった方が強いと思ってます
1835820	1836180	なるほど
1836940	1837300	ただ
1838100	1839720	間に合うか間に合わないかは
1840240	1840760	わかります
1840760	1842080	そうじゃないところから
1842080	1844380	受験までの間にスタンスを変えて
1844380	1845720	学び方を確立して
1845720	1847740	学力がそこに追いついて
1847740	1850060	受験テクニックまでを身につけて
1850900	1853160	試験当日を迎えられるかどうかは
1853560	1855280	正直時間との駆けっこ
1857440	1860420	間に合わない場合も多いんだろうなとは思いますので
1861900	1864520	このチャンネルは保護者の方が聞いておられるってことなので
1865220	1866280	が多いってことなので
1866280	1869600	本当に価値観の問題になってくるかなって気がします
1871140	1872840	方にはまってればはまっているほど
1872840	1875740	そこから抜け出すのにも時間かかりそうだし
1876400	1878400	それは本当にそれぞれ違うんだろうなと
1879840	1880820	思いましたね
1882060	1883820	村中さんの本の中では
1884540	1888120	学年というものを取っ払った方がいいとも書いてあった
1888120	1891600	この学年でこの内容を学ぶみたいな
1892080	1895220	ことも取っ払った方がいいとも書いてあって
1895700	1897300	結構矛盾するなと思って
1897300	1900700	この学年の中でこれだけ学びきってくださいみたいな
1901940	1903700	この強制力が働くことが
1903700	1906040	子どもが学び方を手に入れる上では
1906040	1908820	結構ハードルになるのかなと思ったり
1909260	1910200	したんですけど
1911380	1913300	ある種そこの覚悟が必要なのかなと
1913300	1914120	おっしゃる通りですね
1914860	1917500	私は結構これ大きな問題だと思っていて
1918040	1920780	要はどのように学ぶのかっていう
1920780	1922000	学び方の中には
1922000	1925480	学ぶペースっていうのももちろん入ってるんですよね
1925480	1927300	学ぶ方法の違いもありますけど
1928000	1930300	そのペースっていうもの自体を
1930300	1931880	学年で切られて
1932480	1933740	全員が一律
1933740	1935540	全教科大一律
1935540	1938100	同じように学んでいく必然性っていうのは
1938100	1940020	今の人間理解っていうか
1940580	1942600	サイエンスの理解を引っ張ってきても
1942600	1944220	全くもって合理性がない
1946800	1948300	考え方だと思うので
1948960	1949700	その意味では
1950680	1952120	全ての教科が
1953140	1955600	別に1年生が学ぶものとかじゃなくて
1956180	1958980	じゃあ1から6の数字を保つとしても
1958980	1961060	グレード1からグレード6に変えて
1961940	1965080	別にどの年齢の子でも好きに
1965080	1968820	グレード1からグレード6を好きなペースで学ぶことができる
1970460	1971860	っていう仕組みにするだけで
1971860	1974200	おそらく学ぶペースは上がると思ってますね
1974200	1975040	全体としては
1976460	1976760	なるほど
1978220	1980600	ある種学校から外れた時に
1981180	1983960	その学年の縛りって取れるじゃないですか
1983960	1986240	いわゆる不登校と呼ばれる子どもたちにとっては
1986660	1988560	だからそういう自分で学び方とか
1988560	1991960	自分のペースで学ぶみたいなのを取り戻す上では
1991960	1995660	相当リハビリになっていくかもしれないですよね
1997660	2001240	裏を返せば逆に言うと学年の縛りっていうのが
2001240	2003440	大きく遅れてしまった子たちが
2003440	2005960	もう1回リチャレンジするときに
2005960	2008060	めちゃくちゃハードルになるんですよね
2008640	2009320	そうですよね
2010540	2013560	5年生の子が算数に関しては
2013560	2017020	2年生からしなくちゃいけないみたいな感じの話っていうのは
2017620	2018240	なんだろうな
2019180	2021680	やっぱりその子の尊厳を削るんですよね
2023000	2024900	俺2年生レベルかみたいな
2024900	2029740	でもそれが単純に数学的な体系化された
2031060	2032140	レベル分け
2032140	2034260	難易度のレベル分けだとしたら
2034260	2037580	俺遅れてるからステップ2からやらなきゃいけないけど
2037580	2041700	頑張ってステップ5に追いつこうって思うのと
2042840	2045560	お前5年生やけど2年生からやってねって言われるのって
2046320	2048180	やってる内容自体は何も変わらないですよ
2048180	2049840	内容自体が変わらなくても
2049840	2054680	主観的体験とか子供の自尊心の築け方とかも全然違うので
2055540	2058900	そんな意味でも正直教科書を学年ごとにするのは
2058900	2063260	私はかなりナンセンスだし害が大きいと思いますね
2065200	2066240	そうですよね
2066240	2067220	なるほどな
2068780	2072320	村中さんがお子さんとの関わりで
2072320	2074300	コーチに就任したみたいな話が
2074300	2075560	この本の中にもあったじゃないですか
2075560	2076480	何ですかそれは
2078480	2080080	お願いしますコーチの依頼
2080080	2082400	これちょっと話せば長くなるんですけど
2083680	2086020	ラーニングダイバーシティの出かけっていう本が
2086400	2089680	もともと雑誌の連載のまとめたものなんですけど
2089680	2091720	一章だけ書き下ろしを書きまして
2092640	2093860	それがタイトルが
2093860	2096140	我が家のラーニングダイバーシティというタイトルで
2096140	2098920	うちの家の家庭事情をですね
2098920	2099740	赤駄に
2101220	2102420	それがなるほど
2102420	2103920	書がありまして
2103920	2105640	その書で書いたことを今
2106600	2109440	福田さんがおっしゃっていただいてるんですけど
2111100	2112140	ここはまず
2113000	2114620	そもそも妻と息子ともね
2114620	2116940	この本に書く段階で了承を得て
2116940	2119120	世に公にしてもいいよって話を
2119540	2120840	了承している範囲内では
2120840	2122360	ちょっと話をさせていただきますけども
2122880	2125380	うちの息子
2125380	2128000	今中学1年生になったとこなんですけど
2128000	2132280	小学校の4年生の後半ぐらいから
2133980	2136160	不動校状況になりまして
2137900	2139240	もう3学期かな
2139240	2141840	4年生の3学期からはもう1日も行けない
2141840	2144900	みたいなことがずっと続いてまして
2144900	2146560	この本が出た時点で
2147440	2149460	彼が小6かな
2149460	2152140	小6の時に出版をしたので
2152140	2153520	その小6の段階でも
2153520	2157460	ほぼ完全不登校という状況だったんですね
2159100	2161040	なのでそういうところも含めて
2162220	2165840	そんだけ偉そうにラーニングダイバーシティとかって言ってる人間が
2165840	2169740	親としてどういうふうに子供と関わっておんねんってことを書いたっていう話なんです
2172340	2174000	もうちょっと話をすると
2175220	2177360	ただ我が家の不登校事情は
2177360	2182540	あんまり他のご家庭に参考にならないだろうなっていう思いもありまして
2182540	2188620	なんでかっていうと私があんまりそもそも学校教育に頼った考え方をしてなくて
2190280	2192760	息子が小学校に上がった段階から
2193540	2197400	家の中で自分で学ぶっていう自分で学ぶスタイルとか
2197400	2200820	自分で学ぶやり方の探索っていうものと
2200820	2202940	学校教育っていうのを完全に切り分けて
2202940	2204240	家では家のお花火
2204240	2206760	学校では学校のお花火みたいな感じの風に
2207280	2209140	結構切り分けてたんですよね
2209680	2213220	息子はそれが当たり前の状況で育ってたので
2213700	2216460	彼が完全不登校になった時点で
2217780	2219420	私たちの家族で言うと
2219420	2222080	単純にそれの比率を変えるだけだったんですよ
2222540	2224660	今まで学校が5、家が5
2224660	2226580	学校がどうしても6、7になりますけどね
2226580	2228500	家が3、4だったのを学校を0にして
2228500	2231080	家を10にするっていうだけだったので
2231720	2233600	学びっていうことに関しては
2233600	2238000	実はほぼほぼ大きな混乱なくやってたんです
2239420	2240520	そんなことあるんですね
2240520	2242020	まさに自立してますね
2242580	2242980	そうですね
2243840	2246020	もうちょっと本にも変えたんで
2246020	2247860	リスナーの方に補足をすると
2247860	2249760	ちょうどうちの息子って
2249760	2254220	コロナの全国の休校で
2254820	2256740	全国大混乱した
2257840	2260320	あの時に入学したんですよ小学校に
2260320	2262960	つまり彼は小学校入学したの
2262960	2264700	入学式も参加できなかったし
2264700	2266520	学校始まったはずから
2266520	2269440	確か2ヶ月か3ヶ月続きましたね、休校がね。
2269780	2272260	だから4月、5月はほぼ学校に行かない。
2272320	2276200	しかも自分だけじゃなくてみんな行かないみたいな状況で学校生活を始めて、
2277500	2282700	この学校に行けない家庭の状況をどうするかみたいなことで、
2282740	2286100	すごい妻とも悩みまして、
2286660	2289340	でもこれはもうちょっとピンチはチャンスだっていうことで、
2289460	2294900	家庭での学びっていうものの基礎を築く時間にしようということで、
2296340	2299720	彼に自分で学ぶっていうことを
2300120	2304080	小1の6歳7歳の段階から練習を始めよう
2304080	2305560	っていうところから始めてるので
2306940	2309720	そこでコーチっていうスタンスを取ったっていう
2310100	2310460	そうですね
2311080	2314720	コーチに至るまでも何かうよくくつつあったんですけど
2316060	2317820	そもそもコーチに至るまでは
2317820	2321700	私ほとんど環境整備以外は
2321700	2324400	息子の教育に関わってないんですよ
2324400	2325860	つまり教えたことがほとんどない
2326620	2327380	環境整備
2327380	2328620	私も妻も含めてですね
2330300	2334400	私がやってたのは教材の選定だったりとか
2336640	2340500	選定というか最終的な決定は息子がするんですけど
2340500	2343460	こんなのこんなのあるけどどうするとかっていうのを
2343460	2345040	紙の教材もそうだし
2345040	2348480	オンラインというかタブレット教材とかもそうなんですけども
2348480	2351620	どのように使うかっていうことを提示するのと
2353020	2357000	ある程度のやっていくペースみたいなもの
2357000	2360200	要は勉強時間の分量みたいなものの
2360200	2363200	ある程度こんだけは1日にやろうねみたいなことを
2363200	2366160	話し合って決めていくっていうことぐらいしかしてなくて
2366640	2369220	あと中身は何するかっていうのは完全に放置
2369220	2371400	丸付けもしないし指導も一切しない
2373840	2376040	だから紙の問題集とかは答えは
2376040	2379080	基本的に子供が自分で持って自分で丸付けするとか
2380020	2382860	そういう感じでずっとやってたんですけど
2383540	2384380	やっぱりね
2384380	2388000	あの本の中でも子供にはコーチが必要だって書いたんですけど
2388540	2389460	やっぱりそうやったらね
2389460	2391340	ぐだるんですよねめちゃくちゃ
2391840	2393660	だんだん子供が
2393660	2396900	ぐだるというかうまくいきにくくなってくるというか
2399080	2403080	なんかやっぱり家庭状況もよろしくないようになってきて
2403080	2405080	なんか隠れてこそこそしたりとか
2405800	2406560	なんかね
2406560	2407180	なんかこう
2407180	2409360	なってくるので
2409360	2411300	うーんってなって
2411300	2413820	どうするっていう感じで
2413820	2415960	家族会議で話し合って
2415960	2417840	最終的に
2417840	2418540	ちょっと
2420560	2422200	ペースメーカー的な
2422200	2422940	介入と
2422940	2425980	コーチング的な介入っていう意味では
2425980	2427760	お父さんがコーチする
2427760	2429040	っていうところで
2429040	2432200	落ち着いたっていう感じですね
2432200	2433340	うんうん
2433340	2435260	物体的には何をしたんですか
2436280	2440760	それはでももうちょっとやっていく内容をヒアリングして
2441380	2444480	どういうペースで何をやるかみたいなこととかを
2444480	2446940	単元別にじゃあ算数好きなやったら
2446940	2450480	これの教材で1日何単元するかとか
2451280	2454760	それを一応終わったらコーチに報告をして
2454760	2457620	今日1日終わったよみたいな感じの話で
2457620	2458980	お疲れさんみたいな感じの
2458980	2460720	やってることは大した変わらないんですけど
2461220	2463880	一応先ほどの何を
2463880	2466460	どのようにやるかはほとんど介入しませんでしたけど
2466460	2468280	何をやるかのペースのところは
2468620	2470420	親が握ったみたいな感じですね
2473760	2476000	環境の整備っていうのがすごく僕の中で
2476000	2477060	圧倒させられて
2477780	2480860	よく今学校に行ってない子どもたちが
2480860	2482740	自分で学ぶことを選ぶっていう
2483700	2486280	スタイルを僕たちのフリースクールでもやっているんですけど
2486820	2488700	何を学ぶかについてはやっぱり
2489140	2491680	完全に自由だったら選ぶことすら難しいじゃないですか
2492360	2495500	それをどれ選ぶといいかなみたいなのを
2496020	2499720	内容を一緒に選ぶのはすごくできることだなっていう風に
2500600	2500960	そうですね
2504140	2506000	その辺って結構大事な話で
2507140	2509280	主体的であるという
2512780	2515040	主体性みたいなものの感覚
2516240	2516960	っていうので
2517780	2521520	自分で選んだものの中からしか出てこないっていうのが
2521520	2523660	心理学的な話なんですよね
2523660	2526080	内発的時付けとかって言ったりするんですけども
2527120	2531020	内発的時付けされるときの人間のすごく重要な要素は
2531020	2534420	自分で決めたことかとか自分で選んだものかっていう感覚
2534420	2536520	すごく強く影響してるっていうのが
2536520	2538780	心理学的にも確かめられてるんですけど
2539720	2543220	なのでそこは意識的に徹底しましたね
2543220	2545260	全て決めてもらうっていう
2545840	2550460	ただ子供によってやっぱり選べる範囲っていうのは限られてるから
2550460	2552040	あまりに多すぎたら選べないし
2552800	2554800	だから幼いうちはもうちょっとシンプルにして
2554800	2558640	こういうところで2つの選択肢から選んでもらうとかってこともあるだろうし
2559440	2564780	ある程度子供が選べる範囲内で選択肢を提示しながら決めてもらう
2565940	2569880	それは1日にやる量の設定とかも一緒ですね
2570480	2574200	ある程度の目安がありながら最終的には子供が決める
2574200	2575180	自分で決めるっていう
2577000	2578180	そういう感じです
2579680	2582580	内容って村中さんの中で
2583900	2586280	選択肢の範囲を決めるときに
2586760	2588260	意識したこととかありますか
2591760	2594440	子どもが自分で決められることに関しては
2595000	2596680	ほとんど意識してないですね
2596680	2598540	ある程度教材で言ったら
2598540	2600880	それこそ今で言ったら
2600880	2602940	スマイルゼミにするか神経ゼミにするか
2602940	2606240	そういう教材の種類のやつだったりとか
2606720	2608600	ああいうのって今もよくできてるからね
2608600	2610060	子供たち自分でできたりするから
2611900	2616840	どれくらいの単元量ずつ進めていくみたいな話のことだけをやりながら
2617480	2620600	紙の教材とかだったら面白そうって思えるものを
2622620	2625640	今夜一緒に行ってこれかとかっていう感じ
2625640	2627580	そんな感じ
2628420	2631840	スマイルゼミとかだったらカリキュラムを網羅してるっていうのも
2631840	2633040	内容はあるし
2633040	2634880	本屋さんに行ったらそういうの網羅してる
2635380	2636540	参考書とかありますもんね
2636920	2638120	あともう一個聞きたいと思ったのが
2638120	2640860	いろいろ家庭学習の支援をしてる中で
2641540	2643560	親が教育者のポジションをするのって
2643560	2644820	難しいって話あったじゃないですか
2645600	2647240	そんな中でも村中さんは
2647660	2649620	親としてコーチの役割をしていて
2650720	2651280	それも
2651280	2653360	お子さんが選んだっていう話だったと思うんですけど
2655140	2655700	結局
2656180	2657760	自分でせざるを得ない親御さんって
2657760	2658980	結構今いて
2659720	2661220	親としてそのコーチ
2661220	2662460	コーチになる上で
2663100	2664880	気をつけることとかポイントとかって
2664880	2666460	あったりしますか
2666460	2668940	確かに上下関係みたいなのが
2668940	2670780	できやすかったりしそうで
2672980	2674940	私が親が
2674940	2677120	教師の役割をするのは難しい
2677120	2678160	って書いたのは
2678680	2680860	それこそコーチ役割というか
2680860	2682140	ティーチャーなんですよね
2682140	2683380	一番難しい
2684720	2687160	教えるっていうことの役割を
2687160	2688100	親がするのは
2688660	2689920	これは今まで私たちが
2689920	2691500	授業やってきて本当に難しい
2691500	2692620	中にはね
2693280	2694640	天才みたいな人がいて
2695060	2697680	めちゃくちゃ上手くやってる天才的な保護者の方も
2697680	2699620	いらっしゃるので絶対無理とは
2699620	2700600	言わないんですけども
2701020	2702980	でもやっぱりめちゃくちゃハードルが高い
2702980	2704500	っていうのは私
2705300	2707420	コーチをした記憶はあるんですけど
2707420	2709040	ティーチャーはしてないんですよ
2709500	2709820	だから
2711460	2712100	要は
2713100	2715320	コーチをしてから丸付け役だけは
2715320	2717660	したこともありますけど丸付け役したとしても
2717660	2719060	合ってないところを
2719060	2721600	もう一回やってみ以上のことは何も言わなかったし
2722080	2724240	これはこうやったらできるんだよみたいな感じのことを
2724240	2725500	聞かれたら答えますけど
2725500	2728180	自分からはほぼティーチしない
2730680	2732340	もちろんこれっていうのは
2732340	2734680	一応言ったって親御さんからすると
2734680	2737340	そんなことしたら漏れが発生するんじゃないかとか
2737340	2741220	子供が逃げて逃げて
2741220	2743900	自分の苦手を潰せないんじゃないかみたいな感じの
2743900	2746840	お気持ちなのはすごくよくわかるんですけど
2747980	2750060	私はそれ全然ありやなって
2750060	2751000	ありやなっていうのは
2751600	2753920	そもそも逃げる気持ちになるってことは
2753920	2755460	自己決定ができてないってことなので
2755460	2758100	それはそもそも構造として失敗してしまった話だから
2758100	2758760	別の課題
2761340	2762240	その意味で
2763220	2765820	教えないっていうことに関してで言うと
2765820	2770580	そこは本人が何らかの必然性を持って
2770980	2774020	それを学ぶ必要があるよねって思えてないんだとしたら
2774020	2776280	結局教えるところで身につかないと一緒っていう
2776280	2777280	そういう感じですね
2778260	2778620	なるほど
2779040	2783200	あくまでも学びは自分で進めていってるんですね子供が
2783820	2784180	そうですね
2784720	2790440	それのペースメイクとあと選択肢の提示っていうのをやってるっていう感じなんですね
2791920	2794500	僕たちが結構関わっていく中で
2795620	2798780	やっぱり学校に行かないとなった時に
2798780	2802100	すごく落ち込みが精神的に来る子が多くて
2802660	2810860	その時に自己決定すらもする気力がないみたいな時ってあるなと思ってて
2811640	2817640	その時をどう乗り越えるのかみたいなのは結構僕らの中でテーマとしてあって
2818820	2820680	その辺とかどうお考えですか
2822380	2828000	不登校に至るようになった理由きっかけ経緯っていうものにもよると思うんですけど
2829180	2833040	本当に人によってセンスは万別だと思うんですが
2833040	2834720	その不登校に至る経緯に
2834720	2838960	何らかの傷つき体験であったりとか
2838960	2842520	トラウマティックな体験があるんだとしたら
2842520	2845980	まずそのトラウマティックな体験とか傷つき体験は
2845980	2850060	これは何らかの形でそれが癒されていくというか
2850060	2855700	回復していく過程というのが必要だというのが
2855700	2858040	まず一つあると思うんですよね
2859820	2862420	これは実はうちの息子の場合にもあって
2863060	2865540	その経緯は本にも書いてないのであれなんですが
2866440	2868740	一時期最初の頃は
2868740	2871820	うちの息子は同世代の子どもが
2871820	2874800	集まっている空間に入ることすら難しくなっていた
2874800	2875940	ときがあって
2878480	2880060	これも不思議なんですよね
2880060	2882260	実はどっちかというと大人とのトラブル
2882260	2883600	教員とのトラブルだったので
2883600	2886240	子供同士の特急のトラブルがあったわけではないんだけども
2886240	2888580	結果発生して起きてきたトラウマ反応としては
2888580	2893840	子供がたくさんいる場所にそもそも入れないっていう風なことなんですよね
2895180	2901120	ただそこも時間とともにちょっとずつ入れてきて
2901540	2903900	それができるようになったのが1年半後ですかね
2903900	2905000	6年生ぐらいになってから
2905600	2910040	この子供の空間にも入れるようにちょっとずつなっていったみたいな感じのがあるっていうのが
2910040	2911360	まず一つですね
2912180	2913360	それとは
2913360	2915660	ある種の傷つきが
2915660	2917580	癒えていく過程に寄り添っていく
2917580	2918980	ということとは
2918980	2920620	また別の軸として
2922300	2924160	自分自身というのが
2924940	2925920	主体的な
2925920	2928040	存在であるんだという感覚を
2928500	2929840	奪われないようにする
2929840	2931100	ということに関しては
2931100	2933160	これはドラマティックな体験の
2933160	2936400	癒しと同時並行でできることだと思っていて
2938640	2940040	なんでかって言ったら
2942620	2944720	日常の些細なことでいいんですよ
2946340	2947600	言ってしまったら
2947600	2949480	今日の朝ごはん何食べるっていうことを
2949480	2951140	自己決定からでいいと思うんですよ
2951140	2954640	今日一日何の服着て過ごすとかでもいいですし
2955360	2958120	だからそういうちっちゃなちっちゃな日常の
2958120	2961720	自己決定とか選択っていうもの自体を
2963740	2967380	子どもが主体的な感覚を
2967380	2968800	持てているかどうか
2971080	2975720	それはおそらく家庭の中での話し合いというか
2975720	2978360	私たちは家族会議という仕組みをやってますけど
2978900	2982060	そういう子どもなりの自己決定というものを
2982060	2984120	フラットに話し合って決めていけるような
2984120	2986380	家族の中で持ちながら
2987360	2989160	学校に行くか行かないかみたいな
2989160	2991760	大きな自己決定すぐ迫る必要はないんですけど
2992320	2994920	家族でどこに出かけようかでもいいですし
2996200	2998380	日中の時間をどう過ごすかとか
3000900	3003140	勉強とどう向き合っていくか
3003140	3005900	ちょっとずつでもやれることができることがないかとか
3006400	3009720	そういうちっちゃなちっちゃな日常の自己決定を
3009720	3010920	一緒にやっていく
3012660	3015820	っていうことはおそらくそのトラウマの部分とは
3015820	3018180	また別の話としてできるところはある
3018180	3019960	もちろんしんどかったらやめたらいいんですけど
3021260	3025000	ここはやっぱり同時並行でできるところは結構あるなって気がしますね
3027720	3032140	じゃあ本当しんどい時にできるちっちゃな自己選択から
3032140	3033280	自己決定からしていって
3034500	3038540	回復とともにその選択の範囲も大きくなっていくみたいな
3039140	3040160	イメージなんですね
3041060	3041380	なるほど
3041860	3044120	ちなみにまたこれよく出る質問なんですけど
3044960	3046620	ゲームとかどう考えてますか
3046620	3052800	結構ドーパミン性高いものをずっとやっちゃって心配ですみたいな声って結構あって
3053440	3056580	この辺の本当細かい話になっちゃうんですけど
3056580	3059180	ゲームとかスマホをずっと触ることに対しても
3059640	3060700	大事な話だと思います
3062120	3062440	そうですね
3065700	3067080	若いってどうしたかっていうと
3067900	3072240	いわゆるピアノインタルコントロールで時間制限をしましたと
3075180	3077740	ただその時間をどういうルールにするかも
3077740	3079900	かなり改定を重ねてますね
3081700	3082580	それも対話して
3082580	3083440	変わっていってますね
3090600	3092240	基本的なスタンスとして
3092980	3097440	何らかに依存すること自体は悪いことではないと思っているので
3097440	3100100	大人でも何か辛いことがあった時に
3100100	3102940	ドパミン系に依存しながら
3102940	3106600	ずっとネットフリックスをしながら見てるみたいなのがあって
3107800	3109060	お酒もそうだしですね
3109060	3115060	そういうこと自体を全部否定する必要はまずないんだけども
3115060	3117680	ただ先ほどおっしゃったように
3118860	3125580	ゲームとかそういうのってちょっと不必要に依存状況を作っていくというか
3128520	3131300	ドーパミンビジネスなんかって言ったりしますけども
3131300	3133240	そういう側面はあるので
3133840	3135720	そこはある程度
3137260	3139260	ルールみたいなものは
3139260	3142280	必要だろうなと思いますが
3142280	3144480	このルールの決め方一つにしても
3144480	3147000	やっぱり子どもの主体的な関与が必要で
3149060	3150480	おすすめはやっぱりね
3150480	3151800	さっきからちらほら言ってる
3151800	3153200	家族会議をおすすめです
3153200	3157000	なんでかって言ったら
3157000	3161040	家族のゲームのルールを話すときに
3161040	3163160	子どもがルール破りをしたとき
3163240	3165220	にしか話さない過程がすごく多いんですよ
3165920	3167300	良くないことをしたから
3168320	3169100	その私の
3169480	3171180	叱るぞが止まらないと使った言葉で言うと
3171180	3172140	後さばきとして
3172920	3174660	良くないことが起こった後に
3175060	3177900	叱りつつ叱る経緯で
3178320	3178600	もう
3179000	3181420	その場で話し合いが起こってくるみたいな
3182240	3183240	話し合いというのは
3183240	3184480	死刑執行じゃないですか
3184480	3186460	ほとんど
3187780	3188840	時間減らすよとか
3188840	3190420	そういう話ですよね
3191620	3192180	けどだから
3192180	3202080	だから、そうじゃなくて、あなたは今生活がこういう状況になってて、勉強としてもこういう風にしたいみたいな話もあるよねってなった時に、
3202180	3215040	じゃあゲームについてどういうルールが一番いいと思うって、入れた気持ちはわかるけど、どれくらいだったらどうしたいと思うみたいな話とかを、ルール決めを問題がない時に話すんですよ。
3215660	3218000	うーん、大事ですね。
3220100	3223420	それでやっぱり自然には起きにくいんですけど
3223420	3224700	皆さんお忙しいので
3227060	3230340	だから家族会議っていう時間を強制的に持つんです
3232440	3234700	それ週1ぐらいのイメージですか
3234700	3238380	月に1回できそう
3238380	3239780	よかったら詳しく聞きたいです
3239780	3241240	月に1回どんな感じで会議してるの
3241240	3243360	家族会議なんかすると
3244320	3247140	基本は月1回で臨時会議することありますけどね
3247140	3251000	基本的には月に1回で
3251000	3254040	必要に応じて臨時で会議することはありますけど
3254040	3256040	今までもう5、6年ずっと
3256040	3257760	家族会議やってますけど
3260200	3262040	臨時会議はそんなにやったことないですね
3262520	3263640	本当に月に1回
3264120	3265620	臨時会議ってそれこそ
3266020	3267140	緊急事案の
3267140	3268980	問題が起きた時になって
3272720	3275080	月に1回やっていて
3275940	3278240	議題は全員が出す権利がある
3279740	3280800	父親からも
3280800	3282260	うちは一人息子なので
3282260	3283840	息子からも出すことがあって
3285040	3287780	それを話し合うみたいな
3287780	3288860	だからある種
3288860	3291400	例えば小遣いの賃上げ闘争が
3291400	3292820	突如始まったりとか
3293240	3294740	やっぱり芸能人がもうちょっと
3294740	3297400	伸ばしてほしいみたいな交渉をする権利も
3297400	3298240	あるっていう話
3298240	3300100	子供からすると
3304320	3305840	ここですごく大事なのは
3306580	3308140	家族会議っていう場が
3308880	3310080	上位下達の場
3310080	3313200	つまり親が子供を従わせるための場だって
3313200	3314600	認識した瞬間
3314600	3316720	子供は絶対そこの席についてくれなくなるので
3317260	3318680	そこがすごくちゃんと
3318680	3320500	フラットな話し合いの場
3320500	3322380	落とし所を見つけていける場なんだ
3322380	3324060	っていう感じで
3324060	3325720	機能する必要があって
3326860	3327720	あとはまだね
3327720	3330480	子供が気持ちよくそこに参加できるようにっていう
3330480	3334200	月に1回の家族会議はちょっといつもよりいいおやつが出てきたりとか
3335700	3336340	いいですね
3337220	3340660	月に1回のお小遣いの授業式が家族会議の後で
3340660	3344380	めっちゃ具体的でいいですね
3345140	3350680	そういう子供にとってのそこの参加するメリットみたいなことを提示しながらですけど
3350680	3355200	でも一番本質はやっぱり子供からも要求を伝えれるし
3355880	3357380	親からの要求についても
3357380	3359280	話し合う場みたいな感じの
3359980	3360580	話ですね
3360580	3363320	その意味では一度もそこのゲームとかも
3363860	3365140	かなりルールが最初
3365140	3366480	初期の頃から変わってますね
3366480	3368400	ペナルティーのあり方とかも全部
3370580	3371540	ペナルティーとかも
3371540	3373260	しっかり儲けるんですねルールだから
3373840	3375080	はい儲けます儲けます
3376460	3376780	ただ
3378080	3379720	ペナルティーに関しては
3380540	3380860	あの
3382580	3383220	順番
3383220	3385040	一番やっぱり
3385040	3386600	うまくいったというか
3386600	3387600	よく使ったのは
3388040	3390300	順番入れ替えのペナルティでしたね
3390300	3392000	つまりゲーム自体を禁止しない
3394260	3395240	基本的には
3396740	3398980	やるべきことっていうのは定まっていて
3398980	3400380	それはそれで学びのコーチとして
3400380	3401380	決まってる部分があって
3401380	3403160	1日でやることは決まっていて
3403640	3406220	それ以外の時間にゲームをすることもできるから
3406220	3408540	1日24時間を切る時間の
3408540	3410320	使い方は基本的には子どもが
3410320	3413000	自由にできるという話なんですけど
3413500	3417100	それをやるべきことができてなかったりとか
3417720	3420880	ゲームを時間超過してしまったりとかっていう
3420880	3423820	良くないことが起きたときにペナルティが発生するときに
3425420	3427880	よくあるのは本当にゲーム自体を禁止するっていう
3427880	3431020	取り上げるっていうペナルティをすることが多いと思うんですけど
3431820	3433480	それもやってたことはあるんですけど
3434540	3436880	一番やっぱりうまくいったのは順番を変える
3437840	3441920	要はやることが終わってからしかゲームができないっていうルールにするっていう
3442720	3446940	そういう形のペナルティの形が多かったですね
3446940	3447280	なるほど
3448220	3450140	最初のルールでそうするとより
3450140	3452640	ペナルティとして順番が変わる
3452640	3453540	そうです
3454260	3454540	なるほど
3455480	3456700	かなり面白いです
3457780	3460540	一個ずつ家族会議でそういうのもアップデートしていった
3460540	3460740	そうですね
3461900	3463820	先ほど言った私がコーチに就任するとこも
3463820	3465780	全部家族会議の場で決まったことであります
3466120	3466400	なるほど
3467140	3468820	家族会議大事だな
3469500	3470200	大事やね
3472300	3474680	子供がちゃんと視聴できるような空間で
3474680	3476920	フラットな場でできるのいいな
3478480	3481440	僕も最後感想と一個質問が出てきたんで
3481440	3482260	いいですか
3484520	3487860	学校に今行ってなくて家にいるって時に
3487860	3491140	ちっちゃい自己決定をするの大事って話あったじゃないですか
3491140	3492740	今日服何着ようとか
3493640	3494820	映画何見に行こうとか
3494820	3497480	その時にそれがすごい
3497480	3501340	すごい実際リスナーさんたちもできそうだなと思ったんですけど
3501860	3504220	自己決定ちっちゃくしましたって時に
3504760	3507860	子供がそれを理解するような意味付けというか
3507860	3511160	自己決定できたねみたいなことを言っていくことには意味があるのか
3511160	3512680	別にそういうの関係なくて
3513160	3516020	子供が自己決定していっていること自体にも
3516460	3519220	それだけでOKなのかってどんな感覚なのかなって
3520300	3524360	私自己決定っていうのはもう大前提の話なんで
3524360	3528760	子供が自己決定をしたことを取り上げて
3528760	3531020	何か発言するってことはほぼないですね
3533680	3537960	もうちょっとだけ補足説明をさせていただくと
3537960	3538940	私の言葉で言うと
3538940	3540300	自己決定の話っていうのは
3540300	3541240	いつも大体
3541240	3542900	今日はちょっとその言葉使ってなかったですけど
3542900	3546420	冒険モードっていう言葉とセットで使うんですね
3548420	3550080	冒険モードっていう言葉は
3550660	3553520	私光依存が止まらないっていう本の中で使ったことなんで
3553520	3556080	それとご対になるのが防御モードっていう
3558660	3561780	これは神経科学的な脳の状態で言ったときに
3561780	3562880	防御モードっていうのは
3562880	3565360	変動体っていうところが中心となっているような
3565360	3566800	危機対応モードですね
3566800	3570880	人間の天敵に襲われたときの動物の反応みたいな感じで
3570880	3572460	戦うか逃げるかみたいな感じ
3572460	3575180	これはこれで人間の行動を促進しますと
3576180	3577580	防御モード以外の
3577580	3580800	人間の行動を促進するモードっていうものの
3580800	3582780	他にこの2つだけではないんですけど
3582780	3586180	有力なものに私が冒険モードって呼んでるものがあって
3586520	3590500	こっち側はベースとしてドーパミンシステム由来の
3591020	3595200	ドーパミンシステム由来の人間の行動のモードみたいなことを
3596020	3597400	イメージしてるんですね
3600320	3602020	この2つだけではないにしても
3602020	3605280	人間が行動するときって大枠この2つか
3605280	3607700	もしくは完全に習慣された行動かなので
3607700	3609620	この2つで考えたときに
3609620	3611520	今の教育っていうのはこの防御モードを
3611520	3613280	人間の行動の権利として
3613280	3615180	危機感煽ってやらせたりとか
3615180	3616440	叱ってやらせたりとかっていう
3616440	3618080	子どもを危機状態にして
3618080	3621060	大人の思い通りにするみたいな感じのことが
3621360	3624440	圧倒的に多いという感じなんです
3626200	3628500	この状態にまみれてしまって
3628500	3629920	慣れきってしまった子たちは
3631000	3633500	いわゆる学習性無力感って言ったりするんですけども
3634100	3635640	無力化された状況になって
3635640	3638020	逆に指示されてもらわないと
3638020	3640440	何していいか分かんないみたいな感じになっていってしまうよね
3640440	3643740	切り替えようってなった時に何を目指すんですか
3643740	3646680	っていう時に起こってくるのが冒険モード
3647380	3648180	という風に
3648700	3652580	ドパミンシステムっていうのはやりたいとか欲しいとか
3652580	3653780	っていう欲求ですね
3653780	3659780	ワクワクするような心理的な状況をベースに
3659780	3662560	しかもすぐ手に入らないものですね
3662560	3663560	すぐには手に入らないもの
3663560	3665860	今すぐ食べれるものに対してドパミンは出ないですね
3666440	3668020	ちょっと待たなくちゃいけないとか
3668020	3669700	ちょっと取りに行かなくちゃいけない
3669700	3672400	ちょっと先の未来に対して
3672400	3673540	ワクワクをしながら
3673540	3676040	もっと言うとすぐには手に入らないから
3676040	3677640	試行錯誤しなくちゃいけない状態
3678600	3681080	これいう状態になっているときの
3681080	3682160	行動のことを
3682160	3684200	冒険モードっていう風に言っていて
3685500	3686680	冒険モードの方が
3686680	3688680	人は学ぶよねっていうのが
3688680	3690140	基本スタンスなんですよね
3691020	3692620	じゃあ人間は冒険モードと
3692620	3694160	防御モードを切り分けていく
3694160	3696260	どこに違いがあるんだっていうと
3696960	3698900	それが今先ほどお話していた
3698900	3700180	自己決定なんですよ
3701400	3702240	人間は
3702240	3704540	自分が自己決定していないものに対して
3704540	3706820	冒険モードに入ることってまずないんですよ
3707320	3710060	この3年続いている
3710640	3712280	視聴者さんも獲得している
3712280	3714040	ティーチャーティーチャーという番組も
3714040	3715260	もし皆さんが
3716400	3717940	指示命令のことに
3717940	3719160	やりなさいと
3719160	3721260	週に1回収録をして
3722220	3723380	指示命令で
3723380	3726020	しかも防御モードを
3726360	3726760	なんかこう
3727520	3729440	なんかをちらつかされながらですね
3730380	3732140	防御モード満開でやってたら
3732140	3733100	続かないじゃないですか
3733100	3734000	続かないし
3735320	3738360	続いたとしても今みたいなクオリティでできるはずがないわけじゃないですか
3739140	3739420	それは
3739420	3741520	皆さんお二人のとっての
3741520	3743700	冒険モードでちょっとワクワクしながら
3743700	3745020	うまくいかないことがあったとしても
3745020	3747020	試行錯誤しながら
3747020	3748580	ちょっとドバミン出しながらですね
3748580	3750380	やっておられるから続いてるわけですよね
3752120	3752400	なので
3752980	3754180	どちらかというと
3754780	3755820	先ほどの私で
3755820	3757820	自己決定が大事って話は
3757820	3758980	話してたんですけど
3758980	3762420	私が見てるのは自己決定したかどうかっていうところというよりかは
3763180	3764780	うちの息子もそうですけど
3764780	3766480	その子がどういうモードで
3766480	3768340	今動いてるかなっていうことなんですよ
3768880	3769240	なるほど
3770800	3772040	勉強するにしても
3772040	3772780	一つにしても
3772780	3776580	それは家庭の状況次第では防御モードですることだってありますよね
3776580	3777820	親にこういうこと言われるから
3777820	3779720	うるさいからやろうみたいな防御モードで
3779720	3781220	勉強することもあるけども
3781840	3782560	ちょっとこう
3783900	3785240	これできるようになりたいな
3785240	3786880	この単元ちょっとおもろいなとか
3786880	3789500	って思いながらワクワクしながら冒険モードでやることもあって
3789960	3791200	そこを見てますね
3792240	3792560	なるほど
3794140	3796100	冒険モードになってきてるな
3796100	3797660	っていうのを見てる
3797660	3798400	そうです
3800720	3801720	理解してきた
3802320	3804540	この冒険モードっていうのが
3805300	3807540	いきなり大きな冒険モードを求めると
3807540	3809240	大人が求めると
3809240	3810180	すごい大変なので
3810180	3812060	ちっちゃなちっちゃな冒険モード
3814140	3816100	うちの息子なんかで覚えてるのは
3816620	3819520	一時期息子がラピュタパンって分かります?
3819640	3820920	目玉焼きのったパン
3820920	3823320	食パンに目玉焼きのったパン
3824060	3824940	映画のラピュタ
3824940	3826660	そういうことですね映画に出てくる
3826660	3829140	だから美味しそうに食べるんですけど
3830400	3832440	ラピュタパンって我が家で呼んでるんですけど
3832440	3833840	あれにハマって
3833840	3834920	また小さい時ですよ
3834920	3836380	未就学児の時
3836960	3837720	小学生
3840960	3844280	一時目玉焼きを作ってくれみたいな感じで
3844280	3846280	言われることが多かったんですけど
3846280	3848140	確かちょっと手が離せなかった時に
3848880	3850280	ちょっとお父さん手離せへんから
3850280	3852220	一回自分でやってみって言ったんですよね
3852780	3854420	その時に初めて息子は
3855220	3857420	卵を割って目玉焼きを作るっていうのを
3857420	3858880	自分が食べたいから
3859300	3860700	ちょっと試行錯誤しながら
3860700	3863140	一個ぐらい卵を無駄にしながらやった
3863680	3864880	記憶があるんですけど
3865600	3866820	これがだからある種の
3868640	3869700	冒険モードじゃないですか
3869700	3870680	冒険モードですね
3871220	3871540	なるほど
3872720	3874340	ちょっとうまくいかないかもしれないけど
3874340	3875540	ちょっとやってみるみたいな
3875540	3877380	やらないっていう選択肢もあるんだけども
3877380	3878320	やってみるみたいな
3879880	3881660	こういうことの日々の積み重ねって
3881660	3883260	すごく大きいなと思ってまして
3884440	3886000	だいぶ解像度上がったな
3886000	3886640	ありがとうございます
3886640	3888400	自己決定の大事さと同時に
3888940	3892160	中盤に話してくださった環境の調整とか
3892160	3894220	家族会議でのあり方とかも
3894220	3896580	含めてあるんだろうなってことがあって
3896580	3898780	かなり自分の中で現実を見読ました
3899260	3900220	話になりました
3900660	3901020	ありがとうございます
3902620	3902980	ありがとうございました
3905200	3906740	最後にリスナーさんに
3906740	3908520	伝えたいこととかありますか
3908920	3910520	難しい問いですみません
3912140	3913860	もういっぱい伝えきった後だけど
3913860	3916760	伝えきった後に謎のボールを最後投げて
3916760	3917360	そうですね
3920720	3922480	なんか今日私が
3922480	3923980	お話ししてることっていうのは
3924760	3926540	テクニカルな話も
3926540	3928500	含みますけどどっちかっていうと
3929300	3930820	日々の生活で
3930820	3932540	子供を見ていく
3932540	3934340	眼差しの軸
3934340	3935500	みたいなものというか
3937260	3937660	そうですね
3941000	3941800	そういう
3941800	3944320	水準の話をさせていただいたかな
3944320	3945540	っていう風に思っていて
3946480	3948180	これって何で大事かっていうと
3948180	3949880	私もこんな偉そうに話をしてますけど
3949880	3951520	日々ってやっぱ揺れるじゃないですか
3951520	3953100	いろんな状況が変わっていくし
3953100	3954740	子供の状況も変わっていくし
3954740	3955640	ってなった時に
3956140	3958520	ふと立ち返る軸みたいなものって
3958520	3960380	すごく大事だなと思っていて
3961020	3963400	それが例えば先ほど私が話した
3963400	3964960	私の場合だったら
3966280	3967820	子供に対してだったら
3967820	3970280	子供がどういうモードでいるかなっていう
3970280	3972980	今日1日5件モードでいる時間ってあったのかな
3972980	3974160	とかっていう風な
3974160	3977100	この軸に毎回返ってくることで
3977100	3978560	自分がブレずにいれるとか
3980420	3982160	ある種の変化に対して
3982820	3984740	自分なりのスタンスで立っていられる
3984740	3987360	みたいなことってあると思っていて
3988360	3990300	私が今日お話ししたことを
3990300	3992240	皆さんの軸として取り入れるかどうかは
3992240	3993980	また別の話でいいと思うんですよね
3993980	3995660	取り入れるところは取り入れていただいていいし
3995660	3997720	ムラなことを言うことはちょっと違うなと思ったら
3997720	3998760	それでもいいと思うんですけど
3999260	4001080	とにかくこうやってこういう
4001640	4004320	ポッドキャストを聞いておられるような
4004320	4005980	勉強熱心な方だといろんな人から
4005980	4008000	そういういろんな考え方を
4008000	4009200	摂取しておられると思うので
4010160	4011720	そういう考え方の中から
4011720	4014060	自分がすごくしっくりくる軸みたいなものを
4014640	4015540	持っていただいて
4016120	4017540	そこに立ち返りながら
4017980	4020280	日々の子どもたちとの
4020280	4021920	関わりの悩みみたいなものを
4022880	4024180	向き合っていただくと
4024180	4025840	いいのかなっていうふうには
4025840	4027200	思っております
4028200	4028820	分かりました
4028820	4029360	ありがとうございました
4031620	4031940	ありがとうございました
4033160	4035660	確実に僕の中の軸の大きな一つに
4036200	4037220	なりましたありがとうございます
4038240	4038700	ありがとうございました
4040000	4040460	ありがとうございました
4042060	4043600	めっちゃおもろかったです
4043600	4044280	ありがとうございました
4046140	4047060	結局
4047060	4049960	結構長くしゃべりましたね
4050500	4051220	本当ですね
4051220	4052960	めっちゃいっぱい質問で
4052960	4054560	答えてもらったありがとうございました
4056300	4058080	めっちゃおもろかったな
